{"cameraMode":{"drawMode":0,"name":"Shaded","section":"Shading Mode"},"sceneLighting":true,"audioPlay":false,"sceneViewState":{"m_AlwaysRefresh":false,"showFog":true,"showSkybox":true,"showFlares":true,"showImageEffects":true,"showParticleSystems":true,"showVisualEffectGraphs":true,"m_FxEnabled":true},"in2DMode":false,"pivot":{"x":-0.05336499214172363,"y":0.5942581295967102,"z":0.699784517288208},"rotation":{"x":0.10850020498037338,"y":0.5932890176773071,"z":-0.08113811165094376,"w":0.793535053730011},"size":27.703632354736329,"orthographic":true}